id,topic,treatment,submission,duration,accuracy_local,accuracy_global,effort,difficulty,num_sentences,num_clusters,local_cohesion,num_concepts,num_coh_sentences,num_non_coh_sentences,num_relations,global_cohesion,color_coding,cmap
au03ur59,transfer,control-group,2018-01-10T17:23:18Z,925.981,40,69,2,2,10,3,0.444444444444,36,4,5,73,3.5,no_color_coding,no-cmap
au03ur59,draft,cmap,2018-01-10T17:00:43Z,804.972,60,80,2,3,16,4,0.266666666667,33,4,11,63,3.5,no_color_coding,cmap
au03ur59,revision,cmap,2018-01-10T17:00:43Z,772.126,81,80,3,2,16,3,0.333333333333,32,5,10,67,3.5,no_color_coding,cmap
ba01ma79,transfer,control-group,2018-07-09T16:17:35Z,896.296,61,58,3,4,8,2,0.571428571429,16,4,3,18,1.5,no_color_coding,no-cmap
ba01ma79,draft,cmap,2018-07-09T15:54:21Z,978.153,29,37,3,4,7,2,0.5,12,3,3,21,1,no_color_coding,cmap
ba01ma79,revision,cmap,2018-07-09T15:54:21Z,844.122,71,71,4,4,6,2,0.6,15,3,2,33,1,no_color_coding,cmap
ba03ch69,transfer,control-group,2017-12-20T11:33:50Z,957.613,75,70,1,4,9,1,0.625,24,5,3,41,NA,no_color_coding,no-cmap
ba03ch69,draft,control-group,2017-12-20T11:12:24Z,904.305,70,90,1,7,11,1,0.6,20,6,4,40,2,no_color_coding,no-cmap
ba03ch69,revision,control-group,2017-12-20T11:12:24Z,706.902,95,95,1,9,12,1,0.636363636364,20,7,4,40,2,no_color_coding,no-cmap
ba03is27,transfer,control-group,2018-06-04T16:12:47Z,910.292,51,49,2,1,8,2,0.428571428571,18,3,4,22,1,no_color_coding,no-cmap
ba03is27,draft,cmap,2018-06-04T15:46:01Z,914.114,61,65,2,2,13,1,0.416666666667,24,5,7,46,2.5,no_color_coding,cmap
ba03is27,revision,cmap,2018-06-04T15:46:01Z,976.025,80,80,3,3,17,1,0.4375,26,7,9,43,3.5,no_color_coding,cmap
ba06ni84,transfer,control-group,2018-05-03T15:17:24Z,586.874,89,87,2,7,11,3,0.6,25,6,4,45,2.5,no_color_coding,no-cmap
ba06ni84,draft,integrated,2018-05-03T15:01:39Z,549.394,91,86,3,8,5,1,1,19,4,0,45,2,color_coding,no-cmap
ba06ni84,revision,integrated,2018-05-03T15:01:39Z,870.124,80,86,2,1,6,1,1,22,5,0,53,2,color_coding,no-cmap
ba09al58,transfer,control-group,2018-01-04T17:42:21Z,772.165,61,71,5,7,7,1,0.666666666667,29,4,2,59,2,no_color_coding,no-cmap
ba09al58,draft,integrated,2018-01-04T17:24:50Z,620.607,63,74,3,2,10,3,0.333333333333,24,3,6,30,1.5,color_coding,no-cmap
ba09al58,revision,integrated,2018-01-04T17:24:50Z,817.198,80,80,2,7,13,1,0.666666666667,33,8,4,68,1.5,color_coding,no-cmap
ba11sy06,transfer,control-group,2018-01-31T15:35:59Z,825.258,50,50,1,7,16,6,0.333333333333,37,5,10,53,0,no_color_coding,no-cmap
ba11sy06,draft,control-group,2018-01-31T15:18:37Z,978.317,70,80,2,7,12,2,0.454545454545,29,5,6,65,1,no_color_coding,no-cmap
ba11sy06,revision,control-group,2018-01-31T15:18:37Z,615.116,50,50,2,6,16,2,0.733333333333,34,11,4,83,1,no_color_coding,no-cmap
ba17na84,transfer,control-group,2018-04-17T15:32:50Z,896.482,21,30,2,2,8,1,0.571428571429,40,4,3,93,2.5,no_color_coding,no-cmap
ba17na84,draft,cmap-integrated,2018-04-17T15:13:27Z,901.152,35,75,2,3,9,3,0.5,35,4,4,68,2,color_coding,cmap
ba17na84,revision,cmap-integrated,2018-04-17T15:13:27Z,953.896,79,82,3,7,12,1,0.454545454545,39,5,6,91,3.5,color_coding,cmap
be10an62,transfer,control-group,2018-06-21T09:29:27Z,659.079,57,59,3,4,6,3,0,13,0,5,12,1,no_color_coding,no-cmap
be10an62,draft,integrated,2018-06-21T09:13:08Z,542.927,41,42,3,5,5,1,1,14,4,0,28,1,color_coding,no-cmap
be10an62,revision,integrated,2018-06-21T09:13:08Z,787.498,59,61,2,3,7,1,1,19,6,0,32,3,color_coding,no-cmap
be17su07,transfer,control-group,2017-12-20T15:39:48Z,907.726,62,60,3,6,15,1,0.5,27,7,7,31,1,no_color_coding,no-cmap
be17su07,draft,cmap,2017-12-20T15:19:31Z,922.149,71,43,3,3,11,4,0.4,24,4,6,26,1.5,no_color_coding,cmap
be17su07,revision,cmap,2017-12-20T15:19:31Z,946.899,69,77,2,7,14,3,0.538461538462,32,7,6,37,1.5,no_color_coding,cmap
be22ur69,draft,cmap,2018-06-15T13:51:43Z,783.831,32,46,4,3,11,1,0.2,13,2,8,29,1.5,no_color_coding,cmap
be22ur69,revision,cmap,2018-06-15T13:51:43Z,848.981,42,75,3,4,12,1,0.363636363636,15,4,7,23,2.5,no_color_coding,cmap
be22ur69,transfer,control-group,2018-06-15T14:20:04Z,872.314,33,55,6,5,16,1,0.466666666667,28,7,8,54,3,no_color_coding,no-cmap
be27he76,transfer,control-group,2018-05-14T15:33:52Z,887.131,69,65,2,8,12,3,0.454545454545,29,5,6,41,1.5,no_color_coding,no-cmap
be27he76,draft,cmap-integrated,2018-05-14T15:14:13Z,909.734,60,60,2,3,14,1,0.769230769231,24,10,3,56,3,color_coding,cmap
be27he76,revision,cmap-integrated,2018-05-14T15:14:13Z,932.055,72,75,2,3,19,1,0.611111111111,32,11,7,66,4,color_coding,cmap
bi01he40,transfer,control-group,2018-06-11T15:51:11Z,813.696,56,43,4,6,11,1,0.5,25,5,5,47,3,no_color_coding,no-cmap
bi01he40,draft,integrated,2018-06-11T15:34:04Z,728.405,70,29,3,2,13,2,0.333333333333,29,4,8,48,1,color_coding,no-cmap
bi01he40,revision,integrated,2018-06-11T15:34:04Z,889.818,80,51,3,5,12,1,0.727272727273,30,8,3,61,1.5,color_coding,no-cmap
bi29an47,transfer,control-group,2018-06-04T16:08:47Z,908.128,30,50,2,1,12,1,0.818181818182,29,9,2,74,3,no_color_coding,no-cmap
bi29an47,draft,cmap-integrated,2018-06-04T15:46:13Z,881.385,30,55,2,1,9,2,0.75,25,6,2,53,2.5,color_coding,cmap
bi29an47,revision,cmap-integrated,2018-06-04T15:46:13Z,978.41,70,60,1,2,14,1,0.692307692308,32,9,4,79,4,color_coding,cmap
br06si22,transfer,control-group,2018-02-06T18:31:23Z,897.26,65,53,3,7,10,3,0.333333333333,39,3,6,84,3,no_color_coding,no-cmap
br06si22,draft,cmap,2018-02-06T18:11:12Z,910.588,68,52,2,2,9,4,0.375,34,3,5,71,2,no_color_coding,cmap
br06si22,revision,cmap,2018-02-06T18:11:12Z,945.004,77,84,2,4,15,2,0.285714285714,48,4,10,118,2.5,no_color_coding,cmap
bu08do21,transfer,control-group,2018-01-10T17:23:07Z,923.666,75,66,2,3,13,1,0.666666666667,41,8,4,74,2,no_color_coding,no-cmap
bu08do21,draft,integrated,2018-01-10T17:00:42Z,809.26,60,42,3,7,20,3,0.631578947368,33,12,7,74,3,color_coding,no-cmap
bu08do21,revision,integrated,2018-01-10T17:00:42Z,770.258,85,59,4,7,21,2,0.65,37,13,7,91,3,color_coding,no-cmap
ch25an71,transfer,control-group,2018-06-15T14:11:10Z,873.564,94,92,3,3,7,3,0.333333333333,22,2,4,29,0,no_color_coding,no-cmap
ch25an71,draft,integrated,2018-06-15T13:51:44Z,878.302,63,81,2,4,9,2,0.5,19,4,4,28,1.5,color_coding,no-cmap
ch25an71,revision,integrated,2018-06-15T13:51:44Z,848.86,100,85,1,8,14,1,0.538461538462,23,7,6,34,2.5,color_coding,no-cmap
co04ka32,transfer,control-group,2018-01-24T15:45:54Z,931.215,80,70,1,6,13,1,0.5,29,6,6,52,2.5,no_color_coding,no-cmap
co04ka32,draft,cmap,2018-01-24T15:20:24Z,909.292,42,60,2,3,10,2,0.111111111111,18,1,8,16,0.5,no_color_coding,cmap
co04ka32,revision,cmap,2018-01-24T15:20:24Z,982.721,86,84,1,8,15,2,0.428571428571,23,6,8,48,0.5,no_color_coding,cmap
da08sa21,transfer,control-group,2018-07-04T15:59:56Z,895.324,90,78,1,7,17,2,0.5625,38,9,7,67,3,no_color_coding,no-cmap
da08sa21,draft,control-group,2018-07-04T15:39:10Z,907.858,63,88,2,2,12,1,0.727272727273,27,8,3,53,2.5,no_color_coding,no-cmap
da08sa21,revision,control-group,2018-07-04T15:39:10Z,690.708,93,92,1,7,14,1,0.769230769231,32,10,3,79,3.5,no_color_coding,no-cmap
de07an02,transfer,control-group,2018-07-24T16:12:26Z,939.524,85,84,6,8,4,1,0.666666666667,14,2,1,21,0.5,no_color_coding,no-cmap
de07an02,draft,integrated,2018-07-24T15:51:45Z,930.294,80,85,4,8,7,1,0.666666666667,24,4,2,61,1,color_coding,no-cmap
de07an02,revision,integrated,2018-07-24T15:51:45Z,1032.985,90,90,9,9,7,1,0.666666666667,25,4,2,61,1,color_coding,no-cmap
do17re78,transfer,control-group,2018-06-13T11:28:48Z,935.131,96,95,2,6,10,1,0.555555555556,21,5,4,29,2.5,no_color_coding,no-cmap
do17re78,draft,cmap,2018-06-13T11:08:12Z,745.072,40,57,3,2,6,2,0.6,15,3,2,15,1,no_color_coding,cmap
do17re78,revision,cmap,2018-06-13T11:08:12Z,1019.807,79,59,2,4,11,2,0.7,24,7,3,38,2,no_color_coding,cmap
dr20ke26,transfer,control-group,2018-05-08T15:24:58Z,908.507,55,55,6,5,15,3,0.642857142857,45,9,5,102,3,no_color_coding,no-cmap
dr20ke26,draft,cmap-integrated,2018-05-08T15:06:24Z,867.444,20,40,7,6,13,1,0.5,36,6,6,75,1.5,color_coding,cmap
dr20ke26,revision,cmap-integrated,2018-05-08T15:06:24Z,948.934,40,39,4,8,17,1,0.625,46,10,6,96,1.5,color_coding,cmap
eb12cl61,transfer,control-group,2018-05-14T13:40:27Z,862.814,74,92,2,7,10,2,0.888888888889,32,8,1,54,2.5,no_color_coding,no-cmap
eb12cl61,draft,integrated,2018-05-14T13:20:08Z,1333.665,88,34,2,6,7,1,0.666666666667,19,4,2,47,2,color_coding,no-cmap
eb12cl61,revision,integrated,2018-05-14T13:20:08Z,773.86,84,95,1,8,12,1,0.818181818182,24,9,2,72,3.5,color_coding,no-cmap
en02sa52,transfer,control-group,2018-05-28T15:54:58Z,573.784,33,37,8,4,11,3,0.4,20,4,6,24,2,no_color_coding,no-cmap
en02sa52,draft,cmap-integrated,2018-05-28T15:38:42Z,442.755,34,32,7,4,6,1,1,13,5,0,21,1.5,color_coding,cmap
en02sa52,revision,cmap-integrated,2018-05-28T15:38:42Z,782.858,77,41,8,4,7,1,1,14,6,0,28,1.5,color_coding,cmap
fn17ch49,transfer,control-group,2018-02-14T15:33:49Z,920.803,40,15,1,2,14,1,0.846153846154,46,11,2,111,4,no_color_coding,no-cmap
fn17ch49,draft,integrated,2018-02-14T15:13:23Z,927.394,50,10,4,3,15,1,0.571428571429,42,8,6,77,3,color_coding,no-cmap
fn17ch49,revision,integrated,2018-02-14T15:13:23Z,962.931,90,30,2,6,16,1,0.733333333333,50,11,4,104,3.5,color_coding,no-cmap
fr01br39,transfer,control-group,2018-06-26T16:13:12Z,938.961,84,84,2,3,10,4,0.333333333333,25,3,6,29,2,no_color_coding,no-cmap
fr01br39,draft,cmap-integrated,2018-06-26T15:41:33Z,894.529,61,60,5,2,9,3,0.375,14,3,5,15,1,color_coding,cmap
fr01br39,revision,cmap-integrated,2018-06-26T15:41:33Z,830.776,87,72,3,4,10,2,0.444444444444,24,4,5,47,2.5,color_coding,cmap
fr02ma56,transfer,control-group,2017-12-21T15:47:16Z,903.173,72,72,3,3,7,1,0.5,15,3,3,21,2.5,no_color_coding,no-cmap
fr02ma56,draft,control-group,2017-12-21T15:21:55Z,904.921,31,35,5,5,4,1,1,8,3,0,19,0.5,no_color_coding,no-cmap
fr02ma56,revision,control-group,2017-12-21T15:21:55Z,897.36,75,75,3,4,4,1,1,11,3,0,29,0.5,no_color_coding,no-cmap
fr04an85,transfer,control-group,2018-01-19T14:45:20Z,868.927,65,40,2,3,8,2,0.571428571,43,4,3,NA,4,no_color_coding,no-cmap
fr04an85,draft,control-group,2018-01-19T14:19:13Z,735.792,70,90,2,6,7,1,1,15,6,0,NA,2,no_color_coding,no-cmap
fr04an85,revision,control-group,2018-01-19T14:19:13Z,1171.832,95,100,2,4,10,2,0.888888889,26,8,1,NA,2.5,no_color_coding,no-cmap
fr06su37,transfer,control-group,2018-01-24T17:34:41Z,910.13,85,75,1,2,13,5,0.0833333333333,27,1,11,38,2.5,no_color_coding,no-cmap
fr06su37,draft,cmap,2018-01-24T17:15:00Z,890.94,90,90,1,3,15,2,0.285714285714,22,4,10,35,2,no_color_coding,cmap
fr06su37,revision,cmap,2018-01-24T17:15:00Z,944.562,95,95,1,8,17,1,0.375,26,6,10,41,3,no_color_coding,cmap
fr09sa97,transfer,control-group,2018-01-05T08:41:35Z,865.467,65,79,3,5,12,1,0.363636363636,24,4,7,38,2.5,no_color_coding,no-cmap
fr09sa97,draft,control-group,2018-01-05T08:22:36Z,815.614,30,81,2,4,11,1,0.7,25,7,3,53,2,no_color_coding,no-cmap
fr09sa97,revision,control-group,2018-01-05T08:22:36Z,917.15,70,70,3,2,13,1,0.833333333333,28,10,2,68,2.5,no_color_coding,no-cmap
fr10ma38,transfer,control-group,2018-06-12T16:09:44Z,907.723,71,41,2,2,9,2,0.375,23,3,5,29,1,no_color_coding,no-cmap
fr10ma38,draft,control-group,2018-06-12T15:50:28Z,894.177,60,41,2,4,11,3,0.4,26,4,6,33,2.5,no_color_coding,no-cmap
fr10ma38,revision,control-group,2018-06-12T15:50:28Z,1029.611,57,32,2,4,16,2,0.666666666667,32,10,5,54,3,no_color_coding,no-cmap
fr12cl61,transfer,control-group,2017-12-14T15:28:50Z,913.285,88,94,1,8,8,1,0.714285714286,26,5,2,45,2,no_color_coding,no-cmap
fr12cl61,draft,integrated,2017-12-14T15:00:36Z,842.781,81,43,2,3,6,1,0.8,17,4,1,33,2,color_coding,no-cmap
fr12cl61,revision,integrated,2017-12-14T15:00:36Z,860.958,97,18,1,3,8,1,0.571428571429,21,4,3,40,2.5,color_coding,no-cmap
fr16be09,transfer,control-group,2018-06-05T16:08:38Z,846.126,81,83,2,7,8,2,0.714285714,19,5,2,NA,2,no_color_coding,no-cmap
fr16be09,draft,cmap,2018-06-05T15:52:21Z,844.684,76,64,2,2,10,2,0.333333333,22,3,6,NA,2,no_color_coding,cmap
fr16be09,revision,cmap,2018-06-05T15:52:21Z,869.729,87,88,3,7,9,4,0.375,18,3,5,NA,1.5,no_color_coding,cmap
fr22do50,transfer,control-group,2018-01-24T15:43:42Z,952.139,35,71,3,7,13,1,0.5,31,6,6,62,2.5,no_color_coding,no-cmap
fr22do50,draft,control-group,2018-01-24T15:20:25Z,910.825,63,32,4,4,12,2,0.454545454545,21,5,6,33,2.5,no_color_coding,no-cmap
fr22do50,revision,control-group,2018-01-24T15:20:25Z,982.305,71,93,3,4,18,3,0.352941176471,24,6,11,31,3.5,no_color_coding,no-cmap
fr22li77,transfer,control-group,2018-01-11T15:36:33Z,903.779,77,50,2,7,12,2,0.454545454545,40,5,6,65,1.5,no_color_coding,no-cmap
fr22li77,draft,cmap-integrated,2018-01-11T15:10:35Z,898.941,72,53,4,3,13,3,0,22,0,12,33,2,color_coding,cmap
fr22li77,revision,cmap-integrated,2018-01-11T15:10:35Z,499.083,62,72,2,9,13,1,0.25,24,3,9,40,2,color_coding,cmap
fr22st48,transfer,control-group,2018-01-03T11:28:06Z,905.754,45,43,1,9,12,1,0.636363636364,32,7,4,82,3,no_color_coding,no-cmap
fr22st48,draft,cmap-integrated,2018-01-03T11:07:31Z,903.197,40,60,3,8,11,3,0.6,22,6,4,43,2.5,color_coding,cmap
fr22st48,revision,cmap-integrated,2018-01-03T11:07:31Z,964.081,64,75,1,8,14,2,0.692307692308,25,9,4,62,4,color_coding,cmap
goe27so67,transfer,control-group,2018-01-19T16:18:42Z,696.371,78,69,2,3,10,3,0.555555555556,31,5,4,48,2,no_color_coding,no-cmap
goe27so67,draft,cmap,2018-01-19T16:05:42Z,775.316,26,80,1,2,11,2,0.5,18,5,5,30,1.5,no_color_coding,cmap
goe27so67,revision,cmap,2018-01-19T16:05:42Z,549.45,80,80,3,8,11,2,0.4,23,4,6,53,1.5,no_color_coding,cmap
gr06yv79,transfer,control-group,2018-03-20T10:16:19Z,900.34,65,73,2,4,8,1,0.428571428571,24,3,4,57,2.5,no_color_coding,no-cmap
gr06yv79,draft,control-group,2018-03-20T09:55:24Z,724.473,78,85,2,3,7,3,0.5,17,3,3,21,1.5,no_color_coding,no-cmap
gr06yv79,revision,control-group,2018-03-20T09:55:24Z,711.1,87,90,2,3,11,3,0.5,21,5,5,33,1.5,no_color_coding,no-cmap
gue17ai69,transfer,control-group,2018-05-14T13:40:39Z,863.075,25,20,2,2,14,3,0.769230769231,38,10,3,59,3,no_color_coding,no-cmap
gue17ai69,draft,control-group,2018-05-14T13:20:19Z,827.466,99,80,3,8,13,1,0.75,20,9,3,41,2,no_color_coding,no-cmap
gue17ai69,revision,control-group,2018-05-14T13:20:19Z,775.902,100,75,4,5,13,2,0.583333333333,23,7,5,43,2.5,no_color_coding,no-cmap
ha10in33,transfer,control-group,2018-06-18T16:05:02Z,1129.639,70,60,4,3,9,1,0.625,28,5,3,36,2,no_color_coding,no-cmap
ha10in33,draft,cmap-integrated,2018-06-18T15:38:17Z,892.614,25,30,6,8,8,2,0.428571428571,20,3,4,35,1.5,color_coding,cmap
ha10in33,revision,cmap-integrated,2018-06-18T15:38:17Z,993.711,60,40,6,3,9,2,0.625,32,5,3,71,4,color_coding,cmap
ha19an80,transfer,control-group,2018-01-24T15:39:39Z,931.057,64,67,1,7,19,5,0.166666666667,26,3,15,39,3.5,no_color_coding,no-cmap
ha19an80,draft,cmap-integrated,2018-01-24T15:20:25Z,905.787,12,13,3,3,10,2,0.444444444444,19,4,5,41,2,color_coding,cmap
ha19an80,revision,cmap-integrated,2018-01-24T15:20:25Z,982.947,94,91,2,9,15,2,0.214285714286,26,3,11,49,3,color_coding,cmap
ha26sa57,transfer,control-group,2017-12-20T15:40:35Z,908.719,63,76,2,4,4,1,0.666666666667,28,2,1,88,2.5,no_color_coding,no-cmap
ha26sa57,draft,cmap-integrated,2017-12-20T15:19:38Z,483.829,63,72,3,8,5,1,0.5,20,2,2,55,2,color_coding,cmap
ha26sa57,revision,cmap-integrated,2017-12-20T15:19:38Z,949.034,84,82,2,6,6,1,0.6,27,3,2,89,3.5,color_coding,cmap
he01an88,transfer,control-group,2018-01-19T14:38:18Z,870.415,98,98,1,6,21,3,0.3,49,6,14,93,4,no_color_coding,no-cmap
he01an88,draft,control-group,2018-01-19T14:19:14Z,493.21,71,92,4,8,11,2,0.5,15,5,5,23,2.5,no_color_coding,no-cmap
he01an88,revision,control-group,2018-01-19T14:19:14Z,1171.488,97,96,2,9,13,1,0.666666666667,17,8,4,31,3.5,no_color_coding,no-cmap
he02le59,transfer,control-group,2017-12-12T20:45:34Z,684.627,88,83,3,2,6,1,0.4,22,2,3,40,1,no_color_coding,no-cmap
he02le59,draft,control-group,2017-12-12T20:27:09Z,923.915,78,47,3,7,8,1,0.571428571429,17,4,3,48,2,no_color_coding,no-cmap
he02le59,revision,control-group,2017-12-12T20:27:09Z,1075.615,89,83,3,2,11,2,0.6,24,6,4,49,2.5,no_color_coding,no-cmap
he03an71,transfer,control-group,2018-06-04T16:17:20Z,908.88,76,93,2,4,11,1,0.6,34,6,4,65,3,no_color_coding,no-cmap
he03an71,draft,integrated,2018-06-04T15:46:16Z,835.515,64,68,2,7,11,1,0.6,26,6,4,42,3.5,color_coding,no-cmap
he03an71,revision,integrated,2018-06-04T15:46:16Z,975.95,67,77,1,6,17,1,0.625,31,10,6,55,4,color_coding,no-cmap
he06mo23,transfer,control-group,2018-02-22T16:59:32Z,1132.746,55,35,4,2,13,1,0.666666666667,20,8,4,46,3,no_color_coding,no-cmap
he06mo23,draft,integrated,2018-02-22T16:39:36Z,895.775,37,56,2,4,7,1,0.833333333333,22,5,1,60,2.5,color_coding,no-cmap
he06mo23,revision,integrated,2018-02-22T16:39:36Z,940.084,15,82,1,2,10,1,0.777777777778,29,7,2,57,3,color_coding,no-cmap
he09an29,transfer,control-group,2018-05-28T15:54:28Z,734.676,89,81,3,3,13,2,0.583333333333,34,7,5,75,3,no_color_coding,no-cmap
he09an29,draft,cmap,2018-05-28T15:38:43Z,574.621,60,50,4,4,8,1,0.714285714286,24,5,2,70,2,no_color_coding,cmap
he09an29,revision,cmap,2018-05-28T15:38:43Z,784.014,90,70,3,6,11,1,0.7,27,7,3,69,2,no_color_coding,cmap
he10co62,transfer,control-group,2018-03-14T10:43:40Z,905.445,65,70,2,6,11,1,1,33,10,0,78,1.5,no_color_coding,no-cmap
he10co62,draft,cmap-integrated,2018-03-14T10:23:57Z,908.14,40,40,3,1,11,1,0.5,20,5,5,47,1.5,color_coding,cmap
he10co62,revision,cmap-integrated,2018-03-14T10:23:57Z,943.168,80,80,3,6,11,1,0.5,27,5,5,56,1.5,color_coding,cmap
he10ka68,transfer,control-group,2018-01-31T11:25:10Z,902.443,30,38,2,4,13,2,0.583333333333,25,7,5,36,2.5,no_color_coding,no-cmap
he10ka68,draft,integrated,2018-01-31T11:06:25Z,909.785,13,64,2,6,10,1,0.777777777778,16,7,2,39,2.5,color_coding,no-cmap
he10ka68,revision,integrated,2018-01-31T11:06:25Z,929.153,50,90,1,2,10,1,0.444444444444,20,4,5,43,3,color_coding,no-cmap
iw04al88,transfer,control-group,2018-01-24T09:30:09Z,964.601,63,73,3,4,12,2,0.454545454545,42,5,6,97,2.5,no_color_coding,no-cmap
iw04al88,draft,cmap-integrated,2018-01-24T09:09:02Z,910.484,64,56,3,5,9,2,0.375,25,3,5,63,2.5,color_coding,cmap
iw04al88,revision,cmap-integrated,2018-01-24T09:09:02Z,489.557,81,72,3,5,10,1,0.444444444444,31,4,5,74,3.5,color_coding,cmap
ka11in59,transfer,control-group,2017-12-21T15:42:17Z,902.542,69,70,3,2,11,3,0.3,26,3,7,38,2,no_color_coding,no-cmap
ka11in59,draft,integrated,2017-12-21T15:21:53Z,905.025,40,42,3,2,8,2,0.571428571429,19,4,3,37,2.5,color_coding,no-cmap
ka11in59,revision,integrated,2017-12-21T15:21:53Z,897.554,64,34,3,3,9,1,0.875,25,7,1,73,2.5,color_coding,no-cmap
ka18an89,transfer,control-group,2018-02-14T10:55:25Z,993.776,27,7,2,2,6,4,0.2,27,1,4,31,0.5,no_color_coding,no-cmap
ka18an89,draft,cmap-integrated,2018-02-14T10:33:49Z,912.931,27,31,3,2,4,2,0.333333333333,12,1,2,18,1,color_coding,cmap
ka18an89,revision,cmap-integrated,2018-02-14T10:33:49Z,886.442,50,50,3,3,9,3,0.625,20,5,3,30,2.5,color_coding,cmap
ka28ma61,transfer,control-group,2018-01-31T15:36:16Z,797.053,50,50,4,6,19,6,0.222222222222,28,4,14,41,0.5,no_color_coding,no-cmap
ka28ma61,draft,cmap,2018-01-31T15:17:33Z,922.954,49,52,5,3,15,5,0.214285714286,36,3,11,51,1.5,no_color_coding,cmap
ka28ma61,revision,cmap,2018-01-31T15:17:33Z,548.748,47,53,4,2,15,4,0.214285714286,36,3,11,50,2,no_color_coding,cmap
ki13ul91,transfer,control-group,2018-01-18T17:38:19Z,935.836,75,23,3,4,11,2,0.5,28,5,5,37,2.5,no_color_coding,no-cmap
ki13ul91,draft,cmap-integrated,2018-01-18T17:16:01Z,901.427,45,60,4,2,13,2,0.416666666667,20,5,7,36,2,color_coding,cmap
ki13ul91,revision,cmap-integrated,2018-01-18T17:16:01Z,958.269,95,50,3,2,13,1,0.416666666667,22,5,7,43,2.5,color_coding,cmap
kl02ch54,transfer,control-group,2018-01-12T08:42:29Z,877.579,78,71,4,6,11,5,0.2,31,2,8,35,2,no_color_coding,no-cmap
kl02ch54,draft,control-group,2018-01-12T08:23:13Z,873.844,85,95,1,6,12,3,0.363636363636,29,4,7,68,2.5,no_color_coding,no-cmap
kl02ch54,revision,control-group,2018-01-12T08:23:13Z,772.595,100,100,2,5,13,3,0.333333333333,29,4,8,73,2.5,no_color_coding,no-cmap
kr28ut98,transfer,control-group,2018-01-12T14:51:53Z,851.282,50,60,2,1,13,1,0.583333333333,22,7,5,35,2.5,no_color_coding,no-cmap
kr28ut98,draft,cmap-integrated,2018-01-12T14:32:19Z,951.757,65,40,3,3,20,3,0.421052631579,34,8,11,48,2,color_coding,cmap
kr28ut98,revision,cmap-integrated,2018-01-12T14:32:19Z,957.812,75,50,3,2,20,2,0.473684210526,38,9,10,66,2.5,color_coding,cmap
kue21th37,transfer,control-group,2018-01-25T15:46:07Z,910.879,96,89,1,2,13,1,0.583333333333,36,7,5,94,3,no_color_coding,no-cmap
kue21th37,draft,integrated,2018-01-25T15:23:39Z,912.342,53,70,3,5,13,1,0.666666666667,22,8,4,41,2,color_coding,no-cmap
kue21th37,revision,integrated,2018-01-25T15:23:39Z,960.671,91,94,3,3,18,1,0.764705882353,32,13,4,78,3,color_coding,no-cmap
la20al17,transfer,control-group,2018-01-18T15:43:46Z,915.285,76,70,2,3,14,2,0.615384615385,38,8,5,85,3.5,no_color_coding,no-cmap
la20al17,draft,control-group,2018-01-18T15:24:20Z,943.764,72,55,2,4,15,1,0.642857142857,33,9,5,134,3.5,no_color_coding,no-cmap
la20al17,revision,control-group,2018-01-18T15:24:20Z,958.277,91,87,2,4,19,1,0.722222222222,45,13,5,145,4,no_color_coding,no-cmap
loe05ol31,transfer,control-group,2018-01-05T08:41:48Z,865.378,75,65,4,6,11,1,0.5,39,5,5,93,3,no_color_coding,no-cmap
loe05ol31,draft,cmap,2018-01-05T08:22:29Z,817.71,55,24,3,3,17,1,0.75,29,12,4,44,1,no_color_coding,cmap
loe05ol31,revision,cmap,2018-01-05T08:22:29Z,915.852,86,30,3,7,23,1,0.5,36,11,11,60,2,no_color_coding,cmap
loe14as92,transfer,control-group,2018-01-18T17:38:07Z,934.67,36,43,2,2,14,1,0.615384615385,35,8,5,76,2.5,no_color_coding,no-cmap
loe14as92,draft,cmap,2018-01-18T17:15:31Z,902.141,59,83,3,7,17,2,0.625,34,10,6,47,2.5,no_color_coding,cmap
loe14as92,revision,cmap,2018-01-18T17:15:31Z,961.815,73,72,2,3,23,1,0.454545454545,47,10,12,78,3.5,no_color_coding,cmap
lu04do40,transfer,control-group,2018-02-06T16:51:08Z,904.078,50,70,2,3,8,4,0.142857142857,18,1,6,15,2,no_color_coding,no-cmap
lu04do40,draft,control-group,2018-02-06T16:33:00Z,747.042,30,60,4,3,7,1,0.833333333333,15,5,1,27,2.5,no_color_coding,no-cmap
lu04do40,revision,control-group,2018-02-06T16:33:00Z,749.243,70,70,2,6,5,1,0.75,14,3,1,25,2.5,no_color_coding,no-cmap
lu19ul50,transfer,control-group,2018-01-26T14:28:29Z,897.658,19,33,2,1,8,1,0.857142857143,22,6,1,40,1.5,no_color_coding,no-cmap
lu19ul50,draft,cmap,2018-01-26T14:07:24Z,792.208,30,69,2,3,9,2,0.625,11,5,3,20,2,no_color_coding,cmap
lu19ul50,revision,cmap,2018-01-26T14:07:24Z,783.684,85,93,3,3,10,1,0.888888888889,13,8,1,24,3,no_color_coding,cmap
ma09si52,transfer,control-group,2018-06-08T13:53:54Z,805.895,80,90,2,4,8,5,0.285714285714,35,2,5,69,1.5,no_color_coding,no-cmap
ma09si52,draft,cmap-integrated,2018-06-08T13:33:19Z,504.616,56,41,4,4,5,1,0.5,11,2,2,23,1,color_coding,cmap
ma09si52,revision,cmap-integrated,2018-06-08T13:33:19Z,494.302,77,73,3,4,8,2,0.428571428571,21,3,4,38,2,color_coding,cmap
ma13ba26,transfer,control-group,2018-03-14T10:43:20Z,906.358,33,63,4,3,13,2,0.333333333333,37,4,8,77,3,no_color_coding,no-cmap
ma13ba26,draft,control-group,2018-03-14T10:24:13Z,906.711,35,35,2,4,5,2,0.25,24,1,3,69,2,no_color_coding,no-cmap
ma13ba26,revision,control-group,2018-03-14T10:24:13Z,943.77,70,70,6,7,7,3,0.5,22,3,3,53,2,no_color_coding,no-cmap
ma18ri52,transfer,control-group,2018-01-26T14:25:53Z,914.713,60,67,4,4,13,4,0.25,42,3,9,76,2.5,no_color_coding,no-cmap
ma18ri52,draft,cmap-integrated,2018-01-26T14:07:28Z,773.427,55,68,6,4,8,1,0.857142857143,18,6,1,36,2.5,color_coding,cmap
ma18ri52,revision,cmap-integrated,2018-01-26T14:07:28Z,786.242,70,72,4,4,8,1,0.857142857143,19,6,1,43,3,color_coding,cmap
ma28ma48,transfer,control-group,2018-01-24T17:34:27Z,905.098,70,50,2,3,14,3,0.384615384615,37,5,8,93,2,no_color_coding,no-cmap
ma28ma48,draft,control-group,2018-01-24T17:14:59Z,893.221,65,20,3,2,11,4,0.3,15,3,7,22,2,no_color_coding,no-cmap
ma28ma48,revision,control-group,2018-01-24T17:14:59Z,962.675,70,55,1,5,19,1,0.388888888889,24,7,11,45,3.5,no_color_coding,no-cmap
ma30ri20,transfer,control-group,2018-06-13T13:41:51Z,791.634,84,83,5,3,8,1,0.285714285714,18,2,5,37,2,no_color_coding,no-cmap
ma30ri20,draft,integrated,2018-06-13T13:12:18Z,714.515,74,7,5,1,7,1,0.833333333333,15,5,1,41,1,color_coding,no-cmap
ma30ri20,revision,integrated,2018-06-13T13:12:18Z,767.3,70,32,4,3,7,1,1,20,6,0,54,1,color_coding,no-cmap
me25he58,transfer,control-group,2018-06-13T13:32:29Z,802.096,81,82,3,8,11,1,0.5,24,5,5,36,3,no_color_coding,no-cmap
me25he58,draft,cmap-integrated,2018-06-13T13:12:09Z,819.985,61,55,3,4,13,1,0.5,23,6,6,42,3,color_coding,cmap
me25he58,revision,cmap-integrated,2018-06-13T13:12:09Z,768.598,60,54,5,6,15,1,0.571428571429,24,8,6,58,4,color_coding,cmap
mue12id08,transfer,control-group,2018-01-17T11:48:55Z,928.683,44,14,5,2,9,4,0.25,27,2,6,37,2.5,no_color_coding,no-cmap
mue12id08,draft,integrated,2018-01-17T11:25:51Z,1018.212,14,40,4,4,10,2,0.444444444444,25,4,5,38,3,color_coding,no-cmap
mue12id08,revision,integrated,2018-01-17T11:25:51Z,987.951,62,62,4,4,16,1,0.533333333333,28,8,7,46,3,color_coding,no-cmap
mue25do77,draft,control-group,2018-06-15T13:51:45Z,762.199,54,71,2,3,9,2,0.625,17,5,3,25,2,no_color_coding,no-cmap
mue25do77,revision,control-group,2018-06-15T13:51:45Z,857.667,83,89,2,6,11,2,0.5,16,5,5,22,2,no_color_coding,no-cmap
mue25do77,transfer,control-group,2018-06-15T14:15:18Z,894.261,78,58,3,2,5,2,0.75,18,3,1,44,0.5,no_color_coding,no-cmap
nt05ev29,transfer,control-group,2018-05-04T13:36:04Z,940.291,50,70,2,2,9,1,0.5,37,4,4,58,2.5,no_color_coding,no-cmap
nt05ev29,draft,control-group,2018-05-04T13:14:37Z,926.658,75,90,3,4,11,2,0.5,20,5,5,61,2,no_color_coding,no-cmap
nt05ev29,revision,control-group,2018-05-04T13:14:37Z,856.134,90,90,1,6,12,1,0.727272727273,30,8,3,86,2.5,no_color_coding,no-cmap
ob15an02,transfer,control-group,2018-01-19T08:38:13Z,934.025,40,76,2,8,9,2,0.375,29,3,5,58,3,no_color_coding,no-cmap
ob15an02,draft,integrated,2018-01-19T08:12:31Z,965.324,52,80,3,6,10,1,0.222222222222,22,2,7,52,2,color_coding,no-cmap
ob15an02,revision,integrated,2018-01-19T08:12:31Z,1516349500.74836,91,59,3,3,10,2,0.333333333333,26,3,6,62,2,color_coding,no-cmap
oeh13el16,transfer,control-group,2018-06-26T16:06:45Z,938.849,73,76,3,7,17,2,0.5,29,8,8,48,2.5,no_color_coding,no-cmap
oeh13el16,draft,cmap,2018-06-26T15:44:41Z,895.364,59,75,4,7,14,3,0.461538461538,18,6,7,25,2,no_color_coding,cmap
oeh13el16,revision,cmap,2018-06-26T15:44:41Z,830.619,79,83,4,8,14,1,0.769230769231,22,10,3,35,2.5,no_color_coding,cmap
of10da58,transfer,control-group,2018-06-26T16:16:48Z,938.668,63,68,2,2,10,2,0.333333333333,22,3,6,32,1,no_color_coding,no-cmap
of10da58,draft,control-group,2018-06-26T15:44:39Z,889.223,0,25,4,1,6,3,0.2,16,1,4,20,0.5,no_color_coding,no-cmap
of10da58,revision,control-group,2018-06-26T15:44:39Z,830.868,26,83,2,3,8,1,0.285714285714,19,2,5,23,1.5,no_color_coding,no-cmap
pe25ol69,transfer,control-group,2018-03-02T15:31:07Z,899.265,37,36,1,3,9,1,0.5,26,4,4,53,2,no_color_coding,no-cmap
pe25ol69,draft,cmap-integrated,2018-03-02T15:12:01Z,893.942,35,40,1,3,10,1,0.666666666667,22,6,3,34,1.5,color_coding,cmap
pe25ol69,revision,cmap-integrated,2018-03-02T15:12:01Z,944.914,39,37,2,3,12,2,0.454545454545,29,5,6,53,2,color_coding,cmap
pf03cl18,transfer,control-group,2018-01-24T17:34:59Z,913.661,69,82,6,7,22,3,0.52380952381,42,11,10,86,2,no_color_coding,no-cmap
pf03cl18,draft,integrated,2018-01-24T17:15:00Z,892.725,63,58,6,4,19,3,0.333333333333,33,6,12,52,2.5,color_coding,no-cmap
pf03cl18,revision,integrated,2018-01-24T17:15:00Z,946.749,51,51,6,6,19,2,0.444444444444,34,8,10,56,2.5,color_coding,no-cmap
pf17du77,transfer,control-group,2018-01-25T15:42:29Z,916.968,42,37,4,3,8,4,0.285714285714,27,2,5,49,2.5,no_color_coding,no-cmap
pf17du77,draft,control-group,2018-01-25T15:23:38Z,897.267,74,71,2,6,12,5,0,21,0,11,26,2.5,no_color_coding,no-cmap
pf17du77,revision,control-group,2018-01-25T15:23:38Z,961.704,70,65,1,6,16,2,0,27,0,15,33,3.5,no_color_coding,no-cmap
pf24bi24,transfer,control-group,2018-07-27T15:57:21Z,865.639,92,92,1,4,9,3,0.625,33,5,3,62,3,no_color_coding,no-cmap
pf24bi24,draft,control-group,2018-07-27T15:29:52Z,799.937,86,64,1,8,6,1,1,22,5,0,99,2,no_color_coding,no-cmap
pf24bi24,revision,control-group,2018-07-27T15:29:52Z,777.993,94,82,1,9,11,3,0.6,28,6,4,106,3,no_color_coding,no-cmap
re21se88,transfer,control-group,2018-02-06T11:58:54Z,900.654,81,65,2,4,10,1,0.666666666667,38,6,3,76,3,no_color_coding,no-cmap
re21se88,draft,cmap-integrated,2018-02-06T11:39:33Z,894.937,75,66,3,4,9,2,0.625,22,5,3,55,2,color_coding,cmap
re21se88,revision,cmap-integrated,2018-02-06T11:39:33Z,938.915,90,84,3,7,13,1,0.833333333333,33,10,2,83,4,color_coding,cmap
re24ul09,transfer,control-group,2018-05-08T13:34:46Z,898.976,83,62,2,4,15,5,0.214285714286,27,3,11,27,3.5,no_color_coding,no-cmap
re24ul09,draft,cmap,2018-05-08T13:15:02Z,914.011,38,76,2,4,16,2,0.466666666667,32,7,8,73,2.5,no_color_coding,cmap
re24ul09,revision,cmap,2018-05-08T13:15:02Z,941.012,82,42,3,3,23,2,0.545454545455,44,12,10,108,4,no_color_coding,cmap
rg07it89,transfer,control-group,2017-12-13T09:19:31Z,894.764,61,34,6,3,17,3,0.375,45,6,10,72,3.5,no_color_coding,no-cmap
rg07it89,draft,cmap-integrated,2017-12-13T08:53:04Z,608.063,63,55,6,4,9,4,0.125,18,1,7,23,2.5,color_coding,cmap
rg07it89,revision,cmap-integrated,2017-12-13T08:53:04Z,641.66,70,69,9,4,15,3,0.571428571429,27,8,6,51,3,color_coding,cmap
ro16sa88,transfer,control-group,2018-04-05T13:37:55Z,928.525,85,67,3,4,14,4,0.384615384615,32,5,8,35,3,no_color_coding,no-cmap
ro16sa88,draft,cmap,2018-04-05T13:17:32Z,904.172,58,79,7,8,18,1,0.352941176471,33,6,11,65,2.5,no_color_coding,cmap
ro16sa88,revision,cmap,2018-04-05T13:17:32Z,931.682,89,82,6,4,19,1,0.388888888889,37,7,11,83,2.5,no_color_coding,cmap
sa09ur31,transfer,control-group,2018-01-17T17:42:01Z,907.609,58,20,3,3,6,2,0.4,17,2,3,17,0.5,no_color_coding,no-cmap
sa09ur31,draft,cmap-integrated,2018-01-17T17:21:22Z,905.917,70,40,3,5,9,1,0.625,14,5,3,25,1.5,color_coding,cmap
sa09ur31,revision,cmap-integrated,2018-01-17T17:21:22Z,991.419,80,61,3,5,9,1,0.75,14,6,2,28,1.5,color_coding,cmap
sc12he59,transfer,control-group,2018-02-06T11:59:10Z,900.312,78,40,2,4,17,2,0.5,35,8,8,59,3,no_color_coding,no-cmap
sc12he59,draft,integrated,2018-02-06T11:39:33Z,896.397,66,95,2,6,11,1,0.7,22,7,3,79,2.5,color_coding,no-cmap
sc12he59,revision,integrated,2018-02-06T11:39:33Z,939.431,88,90,2,7,16,1,0.6,26,9,6,87,3,color_coding,no-cmap
sc20li28,transfer,control-group,2018-06-13T16:03:03Z,829.071,90,24,4,2,10,6,0,20,0,9,25,0.5,no_color_coding,no-cmap
sc20li28,draft,cmap,2018-06-13T15:36:36Z,834.095,43,60,4,2,12,6,0.272727272727,24,3,8,24,2,no_color_coding,cmap
sc20li28,revision,cmap,2018-06-13T15:36:36Z,799.65,88,24,3,4,16,4,0.6,32,9,6,56,2.5,no_color_coding,cmap
sh02ka02,transfer,control-group,2017-12-18T13:51:03Z,885.845,76,74,2,5,6,2,0.6,23,3,2,75,1.5,no_color_coding,no-cmap
sh02ka02,draft,integrated,2017-12-18T13:25:38Z,912.689,40,70,3,2,12,2,0.545454545455,21,6,5,46,2,color_coding,no-cmap
sh02ka02,revision,integrated,2017-12-18T13:25:38Z,980.21,70,60,3,4,10,1,0.666666666667,31,6,3,99,3.5,color_coding,no-cmap
si27sa40,transfer,control-group,2017-12-22T08:36:07Z,869.905,70,64,3,7,15,5,0.285714285714,34,4,10,69,2.5,no_color_coding,no-cmap
si27sa40,draft,control-group,2017-12-22T08:15:09Z,681.394,76,55,3,6,13,1,0.666666666667,25,8,4,47,2,no_color_coding,no-cmap
si27sa40,revision,control-group,2017-12-22T08:15:09Z,809.593,70,55,3,8,14,1,0.846153846154,19,11,2,46,3,no_color_coding,no-cmap
st22ju09,transfer,control-group,2018-01-18T15:47:46Z,915.237,70,85,2,8,12,1,0.545454545455,28,6,5,48,3.5,no_color_coding,no-cmap
st22ju09,draft,integrated,2018-01-18T15:24:21Z,943.425,65,81,2,6,13,2,0.5,23,6,6,45,2.5,color_coding,no-cmap
st22ju09,revision,integrated,2018-01-18T15:24:21Z,958.353,70,85,2,7,16,2,0.466666666667,25,7,8,49,3,color_coding,no-cmap
st24ka14,transfer,control-group,2018-01-24T11:50:15Z,914.327,65,49,2,8,15,8,0.285714285714,39,4,10,45,1.5,no_color_coding,no-cmap
st24ka14,draft,integrated,2018-01-24T11:30:14Z,920.479,58,40,2,7,18,4,0.411764705882,28,7,10,30,2,color_coding,no-cmap
st24ka14,revision,integrated,2018-01-24T11:30:14Z,1516793336.84326,75,80,1,8,20,1,0.473684210526,31,9,10,50,2,color_coding,no-cmap
te09an09,transfer,control-group,2018-07-24T16:12:06Z,934.958,76,76,4,4,13,4,0.25,33,3,9,38,2.5,no_color_coding,no-cmap
te09an09,draft,cmap-integrated,2018-07-24T15:51:46Z,931.095,83,93,3,5,14,2,0.384615384615,21,5,8,40,2.5,color_coding,cmap
te09an09,revision,cmap-integrated,2018-07-24T15:51:46Z,1031.665,90,90,2,3,16,1,0.533333333333,26,8,7,61,2.5,color_coding,cmap
tue16ch63,transfer,control-group,2018-06-05T16:08:25Z,853.973,75,90,1,7,11,1,0.5,38,5,5,66,3.5,no_color_coding,no-cmap
tue16ch63,draft,control-group,2018-06-05T15:52:22Z,585.604,80,80,2,7,11,3,0.4,17,4,6,24,2.5,no_color_coding,no-cmap
tue16ch63,revision,control-group,2018-06-05T15:52:22Z,871.232,85,90,2,6,13,2,0.416666666667,24,5,7,45,3,no_color_coding,no-cmap
ve11el52,transfer,control-group,2018-01-25T15:50:02Z,910.701,56,75,2,3,15,6,0.0714285714286,37,1,13,51,2,no_color_coding,no-cmap
ve11el52,draft,cmap-integrated,2018-01-25T15:23:39Z,895.621,37,15,3,1,11,1,0.6,21,6,4,34,1.5,color_coding,cmap
ve11el52,revision,cmap-integrated,2018-01-25T15:23:39Z,961.922,42,59,3,5,14,1,0.538461538462,26,7,6,54,2.5,color_coding,cmap
wa24ul08,transfer,control-group,2018-06-13T13:38:19Z,801.139,62,62,3,3,9,1,0.375,33,3,5,66,1.5,no_color_coding,no-cmap
wa24ul08,draft,control-group,2018-06-13T13:12:11Z,809.949,60,57,3,4,8,2,0.428571428571,22,3,4,38,2.5,no_color_coding,no-cmap
wa24ul08,revision,control-group,2018-06-13T13:12:11Z,768.361,78,75,2,8,12,1,0.545454545455,28,6,5,54,3,no_color_coding,no-cmap
wa27ed40,transfer,control-group,2018-05-16T07:49:46Z,920.288,83,84,2,2,19,4,0.277777777778,33,5,13,37,2.5,no_color_coding,no-cmap
wa27ed40,draft,integrated,2018-05-16T07:29:08Z,776.578,64,66,2,8,14,3,0.307692307692,31,4,9,44,3.5,color_coding,no-cmap
wa27ed40,revision,integrated,2018-05-16T07:29:08Z,520.245,94,92,2,4,16,1,0.6,32,9,6,56,3.5,color_coding,no-cmap
we05bi89,transfer,control-group,2018-01-17T17:41:50Z,906.682,45,30,2,2,11,1,0.5,23,5,5,43,3,no_color_coding,no-cmap
we05bi89,draft,cmap,2018-01-17T17:21:37Z,905.375,39,30,2,2,9,1,0.75,15,6,2,29,2.5,no_color_coding,cmap
we05bi89,revision,cmap,2018-01-17T17:21:37Z,993.314,50,50,3,2,13,1,0.833333333333,19,10,2,50,4,no_color_coding,cmap
we08an21,transfer,control-group,2017-12-12T18:40:58Z,893.3,80,70,4,4,6,1,0.6,20,3,2,37,2.5,no_color_coding,no-cmap
we08an21,draft,cmap,2017-12-12T18:24:09Z,909.028,33,46,2,3,7,2,0.333333333333,16,2,4,28,1,no_color_coding,cmap
we08an21,revision,cmap,2017-12-12T18:24:09Z,957.307,70,70,2,4,7,1,0.666666666667,22,4,2,40,1.5,no_color_coding,cmap
we26an05,transfer,control-group,2018-03-14T10:43:47Z,908.103,40,46,6,6,8,2,0.428571428571,32,3,4,55,1.5,no_color_coding,no-cmap
we26an05,draft,integrated,2018-03-14T10:24:11Z,896.145,16,31,4,3,9,1,0.5,20,4,4,40,2,color_coding,no-cmap
we26an05,revision,integrated,2018-03-14T10:24:11Z,941.482,40,45,6,2,10,1,0.555555555556,27,5,4,127,2.5,color_coding,no-cmap
wi12su00,transfer,control-group,2018-05-28T09:22:22Z,1168.866,58,21,2,2,13,3,0.0833333333333,38,1,11,60,3,no_color_coding,no-cmap
wi12su00,draft,control-group,2018-05-28T09:00:36Z,726.967,36,55,3,5,12,1,0.545454545455,35,6,5,60,2,no_color_coding,no-cmap
wi12su00,revision,control-group,2018-05-28T09:00:36Z,761.839,79,56,2,7,16,2,0.266666666667,39,4,11,48,2.5,no_color_coding,no-cmap
wi26mo27,transfer,control-group,2017-12-18T08:27:39Z,928.927,14,35,6,7,14,4,0.153846153846,28,2,11,36,2,no_color_coding,no-cmap
wi26mo27,draft,cmap,2017-12-18T08:05:37Z,900.853,52,22,4,2,12,2,0.545454545455,25,6,5,37,0.5,no_color_coding,cmap
wi26mo27,revision,cmap,2017-12-18T08:05:37Z,887.386,67,42,4,6,15,1,0.642857142857,29,9,5,54,1,no_color_coding,cmap
ze06ju00,transfer,control-group,2018-07-04T15:59:37Z,893.549,62,48,2,3,10,3,0.444444444444,20,4,5,25,1.5,no_color_coding,no-cmap
ze06ju00,draft,integrated,2018-07-04T15:39:10Z,904.104,72,64,2,4,12,2,0.545454545455,27,6,5,43,2,color_coding,no-cmap
ze06ju00,revision,integrated,2018-07-04T15:39:10Z,686.588,95,90,3,7,12,2,0.454545454545,27,5,6,39,2,color_coding,no-cmap
